{
  "pizzeriaName": "kastani",
  "money": 118.00000000000047,
  "totalEarned": 968.0000000000075,
  "clickValue": 5,
  "upgrades": {
    "c1": true,
    "c2": true,
    "p1": true
  },
  "lastSave": 1773850916122
}